job_title,company,location,job_type,experience_level,salary,posted,url
"Assistant Studio Manager","The Pixxel Factory","Lagos","Full Time","Entry level","NGN 70,000 - 150,000","Today","https://www.jobberman.com/listings/assistant-studio-manager-45r6m4"
"Customer Care/Sales Representative","Afromedi International LTD","Abuja","Full Time","Entry level","NGN 150,000 - 250,000","Today","https://www.jobberman.com/listings/customer-caresales-representative-n90750"
"Accounts/Tax Officer","Bigfield Professional Services","Lagos","Full Time","Entry level","NGN 150,000 - 250,000","Yesterday","https://www.jobberman.com/listings/accountstax-senior-2k886k"
"Shop Assistant","Fabrics By Olashubz Limited","Lagos","Full Time","Entry level","NGN 70,000 - 150,000","Yesterday","https://www.jobberman.com/listings/shop-assistant-rr66xg"
"Sales Executive","Nexareach Ltd","Lagos","Full Time","Entry level","NGN 150,000 - 250,000","5 days ago","https://www.jobberman.com/listings/sales-executive-9krkpv"
"Customer Support & Store Assistant","Dunni Essentials","Lagos","Full Time","Entry level","NGN 70,000 - 150,000","5 days ago","https://www.jobberman.com/listings/customer-support-store-assistant-gm4mv9"
"Sales Representatives","Skylight Towers Homes And Properties Ltd","Ibadan & Oyo State","Full Time","Entry level","Confidential","6 days ago","https://www.jobberman.com/listings/sales-representatives-6qrdgv"
"Sales Closer","Afromedi International LTD","Abuja","Full Time","Entry level","NGN 70,000 - 150,000","6 days ago","https://www.jobberman.com/listings/sales-closer-8mk4j4"
"Executive Assistant","Alpha Step Links Ltd.","Lagos","Full Time","Entry level","NGN 150,000 - 250,000","6 days ago","https://www.jobberman.com/listings/executive-assistant-0k87rm"
"Content Creator","Accessbest Capital Limited","Lagos","Full Time","Entry level","NGN 70,000 - 150,000","1 week ago","https://www.jobberman.com/listings/content-creator-9krj2w"
"Property Deal Sourcer","Nimade Properties","Remote (Work From Home)","Full Time","Entry level","NGN 70,000 - 150,000","1 week ago","https://www.jobberman.com/listings/property-deal-sourcer-fully-remote-uk-qzwd87"
"Development and Digital Marketing Manager","Anonymous Employer","Remote (Work From Home)","Full Time","Entry level","NGN 400,000 - 600,000","1 week ago","https://www.jobberman.com/listings/development-and-digital-marketing-manager-m0vrqz"
"Fleet Coordinator","Annhurst Global Services Limited","Lagos","Full Time","Entry level","Confidential","1 week ago","https://www.jobberman.com/listings/bus-coordinator-pgnw5q"
"Operations Officer","Annhurst Global Services Limited","Lagos","Full Time","Entry level","Confidential","1 week ago","https://www.jobberman.com/listings/operations-officer-erp5mk"
"KYC (Know-Your-Customer) Officer","Annhurst Global Services Limited","Lagos","Full Time","Entry level","Confidential","1 week ago","https://www.jobberman.com/listings/kyc-know-your-customer-officer-vd9p02"
"Cleaner","Turtle Consulting Ltd","Abuja","Full Time","Entry level","NGN 70,000 - 150,000","New","https://www.jobberman.com/listings/cleaner-n90dzg"
